{"cameraMode":{"drawMode":0,"name":"Shaded","section":"Shading Mode"},"sceneLighting":false,"audioPlay":false,"sceneViewState":{"showFog":true,"showMaterialUpdate":false,"showSkybox":true,"showFlares":true,"showImageEffects":true,"showParticleSystems":true},"in2DMode":false,"pivot":{"x":-22.202999114990236,"y":3.4600000381469728,"z":11.289999961853028},"rotation":{"x":-0.16395291686058045,"y":0.3210826814174652,"z":-0.05654209852218628,"w":-0.9310361742973328},"size":48.69834899902344,"orthographic":false}