{"cameraMode":{"drawMode":0,"name":"Shaded","section":"Shading Mode"},"sceneLighting":false,"audioPlay":false,"sceneViewState":{"showFog":true,"showMaterialUpdate":false,"showSkybox":true,"showFlares":true,"showImageEffects":true,"showParticleSystems":true},"in2DMode":false,"pivot":{"x":2.021440267562866,"y":3.4731531143188478,"z":7.157775402069092},"rotation":{"x":-0.16395291686058045,"y":0.3210826814174652,"z":-0.05654209852218628,"w":-0.9310361742973328},"size":5.774723052978516,"orthographic":false}